Date/Time,System,MCM,RCV0,RCV1,EL,AZ,GPS,IRT,S3,PMB
01/31/2021 00:04:26,2,2,2,2,2,2,2,2,2,2
01/31/2021 00:06:16,0,2,2,0,2,2,2,2,2,2
01/31/2021 00:07:59,0,2,2,0,2,2,2,2,2,2
01/31/2021 00:09:43,0,2,2,0,2,2,2,2,2,2
01/31/2021 00:11:27,0,2,2,0,2,2,2,2,2,2
01/31/2021 00:13:11,0,2,2,0,2,2,2,2,2,2
01/31/2021 00:14:55,0,2,2,0,2,2,2,2,2,2
01/31/2021 00:16:39,0,2,2,0,2,2,2,2,2,2
01/31/2021 00:18:23,0,2,2,0,2,2,2,2,2,2
01/31/2021 00:20:07,0,2,2,0,2,2,2,2,2,2
01/31/2021 00:21:51,0,2,2,0,2,2,2,2,2,2
01/31/2021 00:23:35,0,2,2,0,2,2,2,2,2,2
01/31/2021 00:25:19,0,2,2,0,2,2,2,2,2,2
01/31/2021 00:27:03,0,2,2,0,2,2,2,2,2,2
01/31/2021 00:28:47,0,2,2,0,2,2,2,2,2,2
01/31/2021 00:30:31,0,2,2,0,2,2,2,2,2,2
01/31/2021 00:32:15,0,2,2,0,2,2,2,2,2,2
01/31/2021 00:33:59,0,2,2,0,2,2,2,2,2,2
01/31/2021 00:35:43,0,2,2,0,2,2,2,2,2,2
01/31/2021 00:37:27,0,2,2,0,2,2,2,2,2,2
01/31/2021 00:39:11,0,2,2,0,2,2,2,2,2,2
01/31/2021 00:40:55,0,2,2,0,2,2,2,2,2,2
01/31/2021 00:42:38,0,2,2,0,2,2,2,2,2,2
01/31/2021 00:44:22,0,2,2,0,2,2,2,2,2,2
01/31/2021 00:46:05,0,2,2,0,2,2,2,2,2,2
01/31/2021 00:47:49,0,2,2,0,2,2,2,2,2,2
01/31/2021 00:49:34,0,2,2,0,2,2,2,2,2,2
01/31/2021 00:51:17,0,2,2,0,2,2,2,2,2,2
01/31/2021 00:53:01,0,2,2,0,2,2,2,2,2,2
01/31/2021 00:54:45,0,2,2,0,2,2,2,2,2,2
01/31/2021 00:56:29,0,2,2,0,2,2,2,2,2,2
01/31/2021 00:58:13,0,2,2,0,2,2,2,2,2,2
01/31/2021 00:59:57,0,2,2,0,2,2,2,2,2,2
01/31/2021 01:01:41,0,2,2,0,2,2,2,2,2,2
01/31/2021 01:03:25,0,2,2,0,2,2,2,2,2,2
01/31/2021 01:05:09,0,2,2,0,2,2,2,2,2,2
01/31/2021 01:06:54,0,2,2,0,2,2,2,2,2,2
01/31/2021 01:08:38,0,2,2,0,2,2,2,2,2,2
01/31/2021 01:10:22,0,2,2,0,2,2,2,2,2,2
01/31/2021 01:12:06,0,2,2,0,2,2,2,2,2,2
01/31/2021 01:13:49,0,2,2,0,2,2,2,2,2,2
01/31/2021 01:15:33,0,2,2,0,2,2,2,2,2,2
01/31/2021 01:17:17,0,2,2,0,2,2,2,2,2,2
01/31/2021 01:19:01,0,2,2,0,2,2,2,2,2,2
01/31/2021 01:20:45,0,2,2,0,2,2,2,2,2,2
01/31/2021 01:22:30,0,2,2,0,2,2,2,2,2,2
01/31/2021 01:24:13,0,2,2,0,2,2,2,2,2,2
01/31/2021 01:25:57,0,2,2,0,2,2,2,2,2,2
01/31/2021 01:27:41,0,2,2,0,2,2,2,2,2,2
01/31/2021 01:29:26,0,2,2,0,2,2,2,2,2,2
01/31/2021 01:31:10,0,2,2,0,2,2,2,2,2,2
01/31/2021 01:32:54,0,2,2,0,2,2,2,2,2,2
01/31/2021 01:34:38,0,2,2,0,2,2,2,2,2,2
01/31/2021 01:36:22,0,2,2,0,2,2,2,2,2,2
01/31/2021 01:38:07,0,2,2,0,2,2,2,2,2,2
01/31/2021 01:39:51,0,2,2,0,2,2,2,2,2,2
01/31/2021 01:41:36,0,2,2,0,2,2,2,2,2,2
01/31/2021 01:43:20,0,2,2,0,2,2,2,2,2,2
01/31/2021 01:45:04,0,2,2,0,2,2,2,2,2,2
01/31/2021 01:46:48,0,2,2,0,2,2,2,2,2,2
01/31/2021 01:48:32,0,2,2,0,2,2,2,2,2,2
01/31/2021 01:50:16,0,2,2,0,2,2,2,2,2,2
01/31/2021 01:52:00,0,2,2,0,2,2,2,2,2,2
01/31/2021 01:53:45,0,2,2,0,2,2,2,2,2,2
01/31/2021 01:55:28,0,2,2,0,2,2,2,2,2,2
01/31/2021 01:57:13,0,2,2,0,2,2,2,2,2,2
01/31/2021 01:58:57,0,2,2,0,2,2,2,2,2,2
01/31/2021 02:00:41,0,2,2,0,2,2,2,2,2,2
01/31/2021 02:02:25,0,2,2,0,2,2,2,2,2,2
01/31/2021 02:04:09,0,2,2,0,2,2,2,2,2,2
01/31/2021 02:05:53,0,2,2,0,2,2,2,2,2,2
01/31/2021 02:07:37,0,2,2,0,2,2,2,2,2,2
01/31/2021 02:09:21,0,2,2,0,2,2,2,2,2,2
01/31/2021 02:11:06,0,2,2,0,2,2,2,2,2,2
01/31/2021 02:12:49,0,2,2,0,2,2,2,2,2,2
01/31/2021 02:14:33,0,2,2,0,2,2,2,2,2,2
01/31/2021 02:16:18,0,2,2,0,2,2,2,2,2,2
01/31/2021 02:18:02,0,2,2,0,2,2,2,2,2,2
01/31/2021 02:19:46,0,2,2,0,2,2,2,2,2,2
01/31/2021 02:21:30,0,2,2,0,2,2,2,2,2,2
01/31/2021 02:23:14,0,2,2,0,2,2,2,2,2,2
01/31/2021 02:24:58,0,2,2,0,2,2,2,2,2,2
01/31/2021 02:26:42,0,2,2,0,2,2,2,2,2,2
01/31/2021 02:28:27,0,2,2,0,2,2,2,2,2,2
01/31/2021 02:30:11,0,2,2,0,2,2,2,2,2,2
01/31/2021 02:31:54,0,2,2,0,2,2,2,2,2,2
01/31/2021 02:33:38,0,2,2,0,2,2,2,2,2,2
01/31/2021 02:35:22,0,2,2,0,2,2,2,2,2,2
01/31/2021 02:37:06,0,2,2,0,2,2,2,2,2,2
01/31/2021 02:38:50,0,2,2,0,2,2,2,2,2,2
01/31/2021 02:40:35,0,2,2,0,2,2,2,2,2,2
01/31/2021 02:42:19,0,2,2,0,2,2,2,2,2,2
01/31/2021 02:44:04,0,2,2,0,2,2,2,2,2,2
01/31/2021 02:45:48,0,2,2,0,2,2,2,2,2,2
01/31/2021 02:47:32,0,2,2,0,2,2,2,2,2,2
01/31/2021 02:49:16,0,2,2,0,2,2,2,2,2,2
01/31/2021 02:51:00,0,2,2,0,2,2,2,2,2,2
01/31/2021 02:52:45,0,2,2,0,2,2,2,2,2,2
01/31/2021 02:54:28,0,2,2,0,2,2,2,2,2,2
01/31/2021 02:56:12,0,2,2,0,2,2,2,2,2,2
01/31/2021 02:57:57,0,2,2,0,2,2,2,2,2,2
01/31/2021 02:59:40,0,2,2,0,2,2,2,2,2,2
01/31/2021 03:01:25,0,2,2,0,2,2,2,2,2,2
01/31/2021 03:03:09,0,2,2,0,2,2,2,2,2,2
01/31/2021 03:04:53,0,2,2,0,2,2,2,2,2,2
01/31/2021 03:06:37,0,2,2,0,2,2,2,2,2,2
01/31/2021 03:08:21,0,2,2,0,2,2,2,2,2,2
01/31/2021 03:10:06,0,2,2,0,2,2,2,2,2,2
01/31/2021 03:11:50,0,2,2,0,2,2,2,2,2,2
01/31/2021 03:13:34,0,2,2,0,2,2,2,2,2,2
01/31/2021 03:15:18,0,2,2,0,2,2,2,2,2,2
01/31/2021 03:17:02,0,2,2,0,2,2,2,2,2,2
01/31/2021 03:18:46,0,2,2,0,2,2,2,2,2,2
01/31/2021 03:20:31,0,2,2,0,2,2,2,2,2,2
01/31/2021 03:22:14,0,2,2,0,2,2,2,2,2,2
01/31/2021 03:23:59,0,2,2,0,2,2,2,2,2,2
01/31/2021 03:25:43,0,2,2,0,2,2,2,2,2,2
01/31/2021 03:27:27,0,2,2,0,2,2,2,2,2,2
01/31/2021 03:29:12,0,2,2,0,2,2,2,2,2,2
01/31/2021 03:30:55,0,2,2,0,2,2,2,2,2,2
01/31/2021 03:32:39,0,2,2,0,2,2,2,2,2,2
01/31/2021 03:34:23,0,2,2,0,2,2,2,2,2,2
01/31/2021 03:36:07,0,2,2,0,2,2,2,2,2,2
01/31/2021 03:37:51,0,2,2,0,2,2,2,2,2,2
01/31/2021 03:39:35,0,2,2,0,2,2,2,2,2,2
01/31/2021 03:41:19,0,2,2,0,2,2,2,2,2,2
01/31/2021 03:43:03,0,2,2,0,2,2,2,2,2,2
01/31/2021 03:44:47,0,2,2,0,2,2,2,2,2,2
01/31/2021 03:46:31,0,2,2,0,2,2,2,2,2,2
01/31/2021 03:48:14,0,2,2,0,2,2,2,2,2,2
01/31/2021 03:49:58,0,2,2,0,2,2,2,2,2,2
01/31/2021 03:51:42,0,2,2,0,2,2,2,2,2,2
01/31/2021 03:53:26,0,2,2,0,2,2,2,2,2,2
01/31/2021 03:55:11,0,2,2,0,2,2,2,2,2,2
01/31/2021 03:56:54,0,2,2,0,2,2,2,2,2,2
01/31/2021 03:58:39,0,2,2,0,2,2,2,2,2,2
01/31/2021 04:00:22,0,2,2,0,2,2,2,2,2,2
01/31/2021 04:02:06,0,2,2,0,2,2,2,2,2,2
01/31/2021 04:03:50,0,2,2,0,2,2,2,2,2,2
01/31/2021 04:05:34,0,2,2,0,2,2,2,2,2,2
01/31/2021 04:07:18,0,2,2,0,2,2,2,2,2,2
01/31/2021 04:09:02,0,2,2,0,2,2,2,2,2,2
01/31/2021 04:10:46,0,2,2,0,2,2,2,2,2,2
01/31/2021 04:12:30,0,2,2,0,2,2,2,2,2,2
01/31/2021 04:14:13,0,2,2,0,2,2,2,2,2,2
01/31/2021 04:15:57,0,2,2,0,2,2,2,2,2,2
01/31/2021 04:17:41,0,2,2,0,2,2,2,2,2,2
01/31/2021 04:19:26,0,2,2,0,2,2,2,2,2,2
01/31/2021 04:21:10,0,2,2,0,2,2,2,2,2,2
01/31/2021 04:22:54,0,2,2,0,2,2,2,2,2,2
01/31/2021 04:24:37,0,2,2,0,2,2,2,2,2,2
01/31/2021 04:26:21,0,2,2,0,2,2,2,2,2,2
01/31/2021 04:28:05,0,2,2,0,2,2,2,2,2,2
01/31/2021 04:29:49,0,2,2,0,2,2,2,2,2,2
01/31/2021 04:31:33,0,2,2,0,2,2,2,2,2,2
01/31/2021 04:33:18,0,2,2,0,2,2,2,2,2,2
01/31/2021 04:35:02,0,2,2,0,2,2,2,2,2,2
01/31/2021 04:36:46,0,2,2,0,2,2,2,2,2,2
01/31/2021 04:38:31,0,2,2,0,2,2,2,2,2,2
01/31/2021 04:40:15,0,2,2,0,2,2,2,2,0,2
01/31/2021 04:41:59,0,2,2,0,2,2,2,2,0,2
01/31/2021 04:43:43,0,2,2,0,2,2,2,2,2,2
01/31/2021 04:45:26,0,2,2,0,2,2,2,2,2,2
01/31/2021 04:47:11,0,2,2,0,2,2,2,2,2,2
01/31/2021 04:48:55,0,2,2,0,2,2,2,2,2,2
01/31/2021 04:50:39,0,2,2,0,2,2,2,2,2,2
01/31/2021 04:52:23,0,2,2,0,2,2,2,2,2,2
01/31/2021 04:54:06,0,2,2,0,2,2,2,2,2,2
01/31/2021 04:55:51,0,2,2,0,2,2,2,2,2,2
01/31/2021 04:57:35,0,2,2,0,2,2,2,2,2,2
01/31/2021 04:59:19,0,2,2,0,2,2,2,2,2,2
01/31/2021 05:01:03,0,2,2,0,2,2,2,2,2,2
01/31/2021 05:02:47,0,2,2,0,2,2,2,2,2,2
01/31/2021 05:04:31,0,2,2,0,2,2,2,2,2,2
01/31/2021 05:06:15,0,2,2,0,2,2,2,2,2,2
01/31/2021 05:07:58,0,2,2,0,2,2,2,2,2,2
01/31/2021 05:09:42,0,2,2,0,2,2,2,2,2,2
01/31/2021 05:11:26,0,2,2,0,2,2,2,2,2,2
01/31/2021 05:13:10,0,2,2,0,2,2,2,2,2,2
01/31/2021 05:14:55,0,2,2,0,2,2,2,2,2,2
01/31/2021 05:16:39,0,2,2,0,2,2,2,2,2,2
01/31/2021 05:18:23,0,2,2,0,2,2,2,2,2,2
01/31/2021 05:20:08,0,2,2,0,2,2,2,2,2,2
01/31/2021 05:21:52,0,2,2,0,2,2,2,2,2,2
01/31/2021 05:23:36,0,2,2,0,2,2,2,2,2,2
01/31/2021 05:25:20,0,2,2,0,2,2,2,2,2,2
01/31/2021 05:27:04,0,2,2,0,2,2,2,2,2,2
01/31/2021 05:28:48,0,2,2,0,2,2,2,2,2,2
01/31/2021 05:30:32,0,2,2,0,2,2,2,2,2,2
01/31/2021 05:32:16,0,2,2,0,2,2,2,2,2,2
01/31/2021 05:33:59,0,2,2,0,2,2,2,2,2,2
01/31/2021 05:35:43,0,2,2,0,2,2,2,2,0,2
01/31/2021 05:37:28,0,2,2,0,2,2,2,2,0,2
01/31/2021 05:39:11,0,2,2,0,2,2,2,2,0,2
01/31/2021 05:40:55,0,2,2,0,2,2,2,2,0,2
01/31/2021 05:42:38,0,2,2,0,2,2,2,2,0,2
01/31/2021 05:44:22,0,2,2,0,2,2,2,2,0,2
01/31/2021 05:46:06,0,2,2,0,2,2,2,2,0,2
01/31/2021 05:47:50,0,2,2,0,2,2,2,2,0,2
01/31/2021 05:49:34,0,2,2,0,2,2,2,2,0,2
01/31/2021 05:51:18,0,2,2,0,2,2,2,2,0,2
01/31/2021 05:53:02,0,2,2,0,2,2,2,2,0,2
01/31/2021 05:54:46,0,2,2,0,2,2,2,2,0,2
01/31/2021 05:56:30,0,2,2,0,2,2,2,2,0,2
01/31/2021 05:58:14,0,2,2,0,2,2,2,2,0,2
01/31/2021 05:59:59,0,2,2,0,2,2,2,2,0,2
01/31/2021 06:01:42,0,2,2,0,2,2,2,2,0,2
01/31/2021 06:03:27,0,2,2,0,2,2,2,2,0,2
01/31/2021 06:05:12,0,2,2,0,2,2,2,2,0,2
01/31/2021 06:06:56,0,2,2,0,2,2,2,2,0,2
01/31/2021 06:08:39,0,2,2,0,2,2,2,2,0,2
01/31/2021 06:10:24,0,2,2,0,2,2,2,2,0,2
01/31/2021 06:12:08,0,2,2,0,2,2,2,2,0,2
01/31/2021 06:13:52,0,2,2,0,2,2,2,2,0,2
01/31/2021 06:15:36,0,2,2,0,2,2,2,2,0,2
01/31/2021 06:17:21,0,2,2,0,2,2,2,2,0,2
01/31/2021 06:19:04,0,2,2,0,2,2,2,2,0,2
01/31/2021 06:20:48,0,2,2,0,2,2,2,2,0,2
01/31/2021 06:22:32,0,2,2,0,2,2,2,2,0,2
01/31/2021 06:24:16,0,2,2,0,2,2,2,2,0,2
01/31/2021 06:26:00,0,2,2,0,2,2,2,2,0,2
01/31/2021 06:27:44,0,2,2,0,2,2,2,2,0,2
01/31/2021 06:29:28,0,2,2,0,2,2,2,2,0,2
01/31/2021 06:31:12,0,2,2,0,2,2,2,2,0,2
01/31/2021 06:32:55,0,2,2,0,2,2,2,2,0,2
01/31/2021 06:34:39,0,2,2,0,2,2,2,2,0,2
01/31/2021 06:36:24,0,2,2,0,2,2,2,2,0,2
01/31/2021 06:38:08,0,2,2,0,2,2,2,2,0,2
01/31/2021 06:39:52,0,2,2,0,2,2,2,2,0,2
01/31/2021 06:41:36,0,2,2,0,2,2,2,2,0,2
01/31/2021 06:43:20,0,2,2,0,2,2,2,2,0,2
01/31/2021 06:45:04,0,2,2,0,2,2,2,2,0,2
01/31/2021 06:46:49,0,2,2,0,2,2,2,2,0,2
01/31/2021 06:48:33,0,2,2,0,2,2,2,2,0,2
01/31/2021 06:50:17,0,2,2,0,2,2,2,2,0,2
01/31/2021 06:52:01,0,2,2,0,2,2,2,2,0,2
01/31/2021 06:53:45,0,2,2,0,2,2,2,2,0,2
01/31/2021 06:55:30,0,2,2,0,2,2,2,2,0,2
01/31/2021 06:57:14,0,2,2,0,2,2,2,2,0,2
01/31/2021 06:58:58,0,2,2,0,2,2,2,2,0,2
01/31/2021 07:00:42,0,2,2,0,2,2,2,2,0,2
01/31/2021 07:02:26,0,2,2,0,2,2,2,2,0,2
01/31/2021 07:04:10,0,2,2,0,2,2,2,2,0,2
01/31/2021 07:05:54,0,2,2,0,2,2,2,2,0,2
01/31/2021 07:07:38,0,2,2,0,2,2,2,2,0,2
01/31/2021 07:09:22,0,2,2,0,2,2,2,2,0,2
01/31/2021 07:11:05,0,2,2,0,2,2,2,2,0,2
01/31/2021 07:12:49,0,2,2,0,2,2,2,2,0,2
01/31/2021 07:14:33,0,2,2,0,2,2,2,2,0,2
01/31/2021 07:16:17,0,2,2,0,2,2,2,2,0,2
01/31/2021 07:18:01,0,2,2,0,2,2,2,2,0,2
01/31/2021 07:19:45,0,2,2,0,2,2,2,2,0,2
01/31/2021 07:21:29,0,2,2,0,2,2,2,2,0,2
01/31/2021 07:23:14,0,2,2,0,2,2,2,2,0,2
01/31/2021 07:24:59,0,2,2,0,2,2,2,2,0,2
01/31/2021 07:26:43,0,2,2,0,2,2,2,2,0,2
01/31/2021 07:28:27,0,2,2,0,2,2,2,2,0,2
01/31/2021 07:30:10,0,2,2,0,2,2,2,2,0,2
01/31/2021 07:31:54,0,2,2,0,2,2,2,2,0,2
01/31/2021 07:33:38,0,2,2,0,2,2,2,2,0,2
01/31/2021 07:35:22,0,2,2,0,2,2,2,2,0,2
01/31/2021 07:37:06,0,2,2,0,2,2,2,2,0,2
01/31/2021 07:38:50,0,2,2,0,2,2,2,2,0,2
01/31/2021 07:40:33,0,2,2,0,2,2,2,2,0,2
01/31/2021 07:42:17,0,2,2,0,2,2,2,2,0,2
01/31/2021 07:44:01,0,2,2,0,2,2,2,2,0,2
01/31/2021 07:45:45,0,2,2,0,2,2,2,2,0,2
01/31/2021 07:47:30,0,2,2,0,2,2,2,2,0,2
01/31/2021 07:49:14,0,2,2,0,2,2,2,2,0,2
01/31/2021 07:50:57,0,2,2,0,2,2,2,2,0,2
01/31/2021 07:52:41,0,2,2,0,2,2,2,2,0,2
01/31/2021 07:54:25,0,2,2,0,2,2,2,2,0,2
01/31/2021 07:56:09,0,2,2,0,2,2,2,2,0,2
01/31/2021 07:57:53,0,2,2,0,2,2,2,2,0,2
01/31/2021 07:59:38,0,2,2,0,2,2,2,2,0,2
01/31/2021 08:01:21,0,2,2,0,2,2,2,2,0,2
01/31/2021 08:03:05,0,2,2,0,2,2,2,2,0,2
01/31/2021 08:04:49,0,2,2,0,2,2,2,2,0,2
01/31/2021 08:06:34,0,2,2,0,2,2,2,2,0,2
01/31/2021 08:08:18,0,2,2,0,2,2,2,2,0,2
01/31/2021 08:10:01,0,2,2,0,2,2,2,2,0,2
01/31/2021 08:11:45,0,2,2,0,2,2,2,2,0,2
01/31/2021 08:13:29,0,2,2,0,2,2,2,2,0,2
01/31/2021 08:15:13,0,2,2,0,2,2,2,2,0,2
01/31/2021 08:16:58,0,2,2,0,2,2,2,2,0,2
01/31/2021 08:18:42,0,2,2,0,2,2,2,2,0,2
01/31/2021 08:20:26,0,2,2,0,2,2,2,2,0,2
01/31/2021 08:22:10,0,2,2,0,2,2,2,2,0,2
01/31/2021 08:23:54,0,2,2,0,2,2,2,2,0,2
01/31/2021 08:25:38,0,2,2,0,2,2,2,2,0,2
01/31/2021 08:27:22,0,2,2,0,2,2,2,2,0,2
01/31/2021 08:29:07,0,2,2,0,2,2,2,2,0,2
01/31/2021 08:30:51,0,2,2,0,2,2,2,2,2,2
01/31/2021 08:32:35,0,2,2,0,2,2,2,2,2,2
01/31/2021 08:34:19,0,2,2,0,2,2,2,2,2,2
01/31/2021 08:36:03,0,2,2,0,2,2,2,2,2,2
01/31/2021 08:37:47,0,2,2,0,2,2,2,2,2,2
01/31/2021 08:39:32,0,2,2,0,2,2,2,2,2,2
01/31/2021 08:41:16,0,2,2,0,2,2,2,2,2,2
01/31/2021 08:43:00,0,2,2,0,2,2,2,2,2,2
01/31/2021 08:44:44,0,2,2,0,2,2,2,2,2,2
01/31/2021 08:46:28,0,2,2,0,2,2,2,2,2,2
01/31/2021 08:48:12,0,2,2,0,2,2,2,2,2,2
01/31/2021 08:49:56,0,2,2,0,2,2,2,2,2,2
01/31/2021 08:51:40,0,2,2,0,2,2,2,2,2,2
01/31/2021 08:53:25,0,2,2,0,2,2,2,2,2,2
01/31/2021 08:55:09,0,2,2,0,2,2,2,2,2,2
01/31/2021 08:56:54,0,2,2,0,2,2,2,2,2,2
01/31/2021 08:58:38,0,2,2,0,2,2,2,2,2,2
01/31/2021 09:00:22,0,2,2,0,2,2,2,2,2,2
01/31/2021 09:02:06,0,2,2,0,2,2,2,2,2,2
01/31/2021 09:03:50,0,2,2,0,2,2,2,2,2,2
01/31/2021 09:05:34,0,2,2,0,2,2,2,2,2,2
01/31/2021 09:07:17,0,2,2,0,2,2,2,2,2,2
01/31/2021 09:09:02,0,2,2,0,2,2,2,2,2,2
01/31/2021 09:10:46,0,2,2,0,2,2,2,2,2,2
01/31/2021 09:12:30,0,2,2,0,2,2,2,2,2,2
01/31/2021 09:14:13,0,2,2,0,2,2,2,2,2,2
01/31/2021 09:15:57,0,2,2,0,2,2,2,2,2,2
01/31/2021 09:17:41,0,2,2,0,2,2,2,2,2,2
01/31/2021 09:19:26,0,2,2,0,2,2,2,2,2,2
01/31/2021 09:21:10,0,2,2,0,2,2,2,2,2,2
01/31/2021 09:22:54,0,2,2,0,2,2,2,2,0,2
01/31/2021 09:24:38,0,2,2,0,2,2,2,2,0,2
01/31/2021 09:26:22,0,2,2,0,2,2,2,2,0,2
01/31/2021 09:28:06,0,2,2,0,2,2,2,2,0,2
01/31/2021 09:29:49,0,2,2,0,2,2,2,2,0,2
01/31/2021 09:31:33,0,2,2,0,2,2,2,2,0,2
01/31/2021 09:33:17,0,2,2,0,2,2,2,2,0,2
01/31/2021 09:35:01,0,2,2,0,2,2,2,2,0,2
01/31/2021 09:36:46,0,2,2,0,2,2,2,2,0,2
01/31/2021 09:38:30,0,2,2,0,2,2,2,2,0,2
01/31/2021 09:40:13,0,2,2,0,2,2,2,2,0,2
01/31/2021 09:41:57,0,2,2,0,2,2,2,2,0,2
01/31/2021 09:43:41,0,2,2,0,2,2,2,2,0,2
01/31/2021 09:45:25,0,2,2,0,2,2,2,2,0,2
01/31/2021 09:47:10,0,2,2,0,2,2,2,2,0,2
01/31/2021 09:48:53,0,2,2,0,2,2,2,2,0,2
01/31/2021 09:50:38,0,2,2,0,2,2,2,2,0,2
01/31/2021 09:52:22,0,2,2,0,2,2,2,2,0,2
01/31/2021 09:54:05,0,2,2,0,2,2,2,2,0,2
01/31/2021 09:55:50,0,2,2,0,2,2,2,2,0,2
01/31/2021 09:57:33,0,2,2,0,2,2,2,2,0,2
01/31/2021 09:59:18,0,2,2,0,2,2,2,2,2,2
01/31/2021 10:01:01,0,2,2,0,2,2,2,2,2,2
01/31/2021 10:02:45,0,2,2,0,2,2,2,2,2,2
01/31/2021 10:04:30,0,2,2,0,2,2,2,2,2,2
01/31/2021 10:06:13,0,2,2,0,2,2,2,2,2,2
01/31/2021 10:07:57,0,2,2,0,2,2,2,2,2,2
01/31/2021 10:09:41,0,2,2,0,2,2,2,2,2,2
01/31/2021 10:11:25,0,2,2,0,2,2,2,2,2,2
01/31/2021 10:13:09,0,2,2,0,2,2,2,2,2,2
01/31/2021 10:14:53,0,2,2,0,2,2,2,2,2,2
01/31/2021 10:16:36,0,2,2,0,2,2,2,2,2,2
01/31/2021 10:18:21,0,2,2,0,2,2,2,2,2,2
01/31/2021 10:20:05,0,2,2,0,2,2,2,2,2,2
01/31/2021 10:21:49,0,2,2,0,2,2,2,2,2,2
01/31/2021 10:23:33,0,2,2,0,2,2,2,2,2,2
01/31/2021 10:25:17,0,2,2,0,2,2,2,2,2,2
01/31/2021 10:27:01,0,2,2,0,2,2,2,2,2,2
01/31/2021 10:28:44,0,2,2,0,2,2,2,2,2,2
01/31/2021 10:30:28,0,2,2,0,2,2,2,2,2,2
01/31/2021 10:32:12,0,2,2,0,2,2,2,2,2,2
01/31/2021 10:33:57,0,2,2,0,2,2,2,2,2,2
01/31/2021 10:35:41,0,2,2,0,2,2,2,2,2,2
01/31/2021 10:37:24,0,2,2,0,2,2,2,2,2,2
01/31/2021 10:39:09,0,2,2,0,2,2,2,2,2,2
01/31/2021 10:40:52,0,2,2,0,2,2,2,2,2,2
01/31/2021 10:42:36,0,2,2,0,2,2,2,2,2,2
01/31/2021 10:44:20,0,2,2,0,2,2,2,2,2,2
01/31/2021 10:46:04,0,2,2,0,2,2,2,2,2,2
01/31/2021 10:47:48,0,2,2,0,2,2,2,2,2,2
01/31/2021 10:49:32,0,2,2,0,2,2,2,2,2,2
01/31/2021 10:51:16,0,2,2,0,2,2,2,2,0,2
01/31/2021 10:53:01,0,2,2,0,2,2,2,2,0,2
01/31/2021 10:54:45,0,2,2,0,2,2,2,2,0,2
01/31/2021 10:56:28,0,2,2,0,2,2,2,2,0,2
01/31/2021 10:58:12,0,2,2,0,2,2,2,2,0,2
01/31/2021 10:59:56,0,2,2,0,2,2,2,2,0,2
01/31/2021 11:01:40,0,2,2,0,2,2,2,2,0,2
01/31/2021 11:03:24,0,2,2,0,2,2,2,2,0,2
01/31/2021 11:05:08,0,2,2,0,2,2,2,2,0,2
01/31/2021 11:06:52,0,2,2,0,2,2,2,2,0,2
01/31/2021 11:08:36,0,2,2,0,2,2,2,2,0,2
01/31/2021 11:10:19,0,2,2,0,2,2,2,2,0,2
01/31/2021 11:12:04,0,2,2,0,2,2,2,2,0,2
01/31/2021 11:13:48,0,2,2,0,2,2,2,2,0,2
01/31/2021 11:15:32,0,2,2,0,2,2,2,2,0,2
01/31/2021 11:17:16,0,2,2,0,2,2,2,2,0,2
01/31/2021 11:19:00,0,2,2,0,2,2,2,2,0,2
01/31/2021 11:20:45,0,2,2,0,2,2,2,2,0,2
01/31/2021 11:22:29,0,2,2,0,2,2,2,2,0,2
01/31/2021 11:24:13,0,2,2,0,2,2,2,2,0,2
01/31/2021 11:25:57,0,2,2,0,2,2,2,2,0,2
01/31/2021 11:27:41,0,2,2,0,2,2,2,2,0,2
01/31/2021 11:29:25,0,2,2,0,2,2,2,2,0,2
01/31/2021 11:31:09,0,2,2,0,2,2,2,2,0,2
01/31/2021 11:32:53,0,2,2,0,2,2,2,2,0,2
01/31/2021 11:34:36,0,2,2,0,2,2,2,2,0,2
01/31/2021 11:36:21,0,2,2,0,2,2,2,2,0,2
01/31/2021 11:38:05,0,2,2,0,2,2,2,2,0,2
01/31/2021 11:39:49,0,2,2,0,2,2,2,2,0,2
01/31/2021 11:41:33,0,2,2,0,2,2,2,2,0,2
01/31/2021 11:43:17,0,2,2,0,2,2,2,2,0,2
01/31/2021 11:45:02,0,2,2,0,2,2,2,2,0,2
01/31/2021 11:46:46,0,2,2,0,2,2,2,2,0,2
01/31/2021 11:48:29,0,2,2,0,2,2,2,2,0,2
01/31/2021 11:50:13,0,2,2,0,2,2,2,2,0,2
01/31/2021 11:51:57,0,2,2,0,2,2,2,2,0,2
01/31/2021 11:53:41,0,2,2,0,2,2,2,2,0,2
01/31/2021 11:55:25,0,2,2,0,2,2,2,2,0,2
01/31/2021 11:57:09,0,2,2,0,2,2,2,2,0,2
01/31/2021 11:58:54,0,2,2,0,2,2,2,2,0,2
01/31/2021 12:00:38,0,2,2,0,2,2,2,2,0,2
01/31/2021 12:02:22,0,2,2,0,2,2,2,2,2,2
01/31/2021 12:04:06,0,2,2,0,2,2,2,2,2,2
01/31/2021 12:05:50,0,2,2,0,2,2,2,2,2,2
01/31/2021 12:07:34,0,2,2,0,2,2,2,2,2,2
01/31/2021 12:09:19,0,2,2,0,2,2,2,2,2,2
01/31/2021 12:11:03,0,2,2,0,2,2,2,2,2,2
01/31/2021 12:12:46,0,2,2,0,2,2,2,2,2,2
01/31/2021 12:14:30,0,2,2,0,2,2,2,2,2,2
01/31/2021 12:16:14,0,2,2,0,2,2,2,2,2,2
01/31/2021 12:17:58,0,2,2,0,2,2,2,2,2,2
01/31/2021 12:19:42,0,2,2,0,2,2,2,2,2,2
01/31/2021 12:21:26,0,2,2,0,2,2,2,2,2,2
01/31/2021 12:23:10,0,2,2,0,2,2,2,2,2,2
01/31/2021 12:24:54,0,2,2,0,2,2,2,2,2,2
01/31/2021 12:26:38,0,2,2,0,2,2,2,2,2,2
01/31/2021 12:28:22,0,2,2,0,2,2,2,2,2,2
01/31/2021 12:30:07,0,2,2,0,2,2,2,2,2,2
01/31/2021 12:31:51,0,2,2,0,2,2,2,2,2,2
01/31/2021 12:33:36,0,2,2,0,2,2,2,2,2,2
01/31/2021 12:35:20,0,2,2,0,2,2,2,2,2,2
01/31/2021 12:37:04,0,2,2,0,2,2,2,2,2,2
01/31/2021 12:38:49,0,2,2,0,2,2,2,2,2,2
01/31/2021 12:40:33,0,2,2,0,2,2,2,2,2,2
01/31/2021 12:42:17,0,2,2,0,2,2,2,2,2,2
01/31/2021 12:44:00,0,2,2,0,2,2,2,2,2,2
01/31/2021 12:45:44,0,2,2,0,2,2,2,2,2,2
01/31/2021 12:47:27,0,2,2,0,2,2,2,2,2,2
01/31/2021 12:49:11,0,2,2,0,2,2,2,2,2,2
01/31/2021 12:50:55,0,2,2,0,2,2,2,2,2,2
01/31/2021 12:52:39,0,2,2,0,2,2,2,2,2,2
01/31/2021 12:54:23,0,2,2,0,2,2,2,2,2,2
01/31/2021 12:56:07,0,2,2,0,2,2,2,2,2,2
01/31/2021 12:57:52,0,2,2,0,2,2,2,2,2,2
01/31/2021 12:59:36,0,2,2,0,2,2,2,2,2,2
01/31/2021 13:01:20,0,2,2,0,2,2,2,2,2,2
01/31/2021 13:03:05,0,2,2,0,2,2,2,2,2,2
01/31/2021 13:04:49,0,2,2,0,2,2,2,2,2,2
01/31/2021 13:06:32,0,2,2,0,2,2,2,2,2,2
01/31/2021 13:08:16,0,2,2,0,2,2,2,2,2,2
01/31/2021 13:10:00,0,2,2,0,2,2,2,2,2,2
01/31/2021 13:11:44,0,2,2,0,2,2,2,2,2,2
01/31/2021 13:13:27,0,2,2,0,2,2,2,2,2,2
01/31/2021 13:15:11,0,2,2,0,2,2,2,2,2,2
01/31/2021 13:16:55,0,2,2,0,2,2,2,2,2,2
01/31/2021 13:18:39,0,2,2,0,2,2,2,2,2,2
01/31/2021 13:20:24,0,2,2,0,2,2,2,2,2,2
01/31/2021 13:22:08,0,2,2,0,2,2,2,2,2,2
01/31/2021 13:23:52,0,2,2,0,2,2,2,2,2,2
01/31/2021 13:25:36,0,2,2,0,2,2,2,2,2,2
01/31/2021 13:27:20,0,2,2,0,2,2,2,2,2,2
01/31/2021 13:29:03,0,2,2,0,2,2,2,2,2,2
01/31/2021 13:30:48,0,2,2,0,2,2,2,2,2,2
01/31/2021 13:32:32,0,2,2,0,2,2,2,2,2,2
01/31/2021 13:34:15,0,2,2,0,2,2,2,2,2,2
01/31/2021 13:36:00,0,2,2,0,2,2,2,2,2,2
01/31/2021 13:37:44,0,2,2,0,2,2,2,2,2,2
01/31/2021 13:39:28,0,2,2,0,2,2,2,2,2,2
01/31/2021 13:41:13,0,2,2,0,2,2,2,2,2,2
01/31/2021 13:42:57,0,2,2,0,2,2,2,2,2,2
01/31/2021 13:44:41,0,2,2,0,2,2,2,2,2,2
01/31/2021 13:46:26,0,2,2,0,2,2,2,2,2,2
01/31/2021 13:48:09,0,2,2,0,2,2,2,2,2,2
01/31/2021 13:49:53,0,2,2,0,2,2,2,2,2,2
01/31/2021 13:51:37,0,2,2,0,2,2,2,2,2,2
01/31/2021 13:53:22,0,2,2,0,2,2,2,2,2,2
01/31/2021 13:55:06,0,2,2,0,2,2,2,2,2,2
01/31/2021 13:56:50,0,2,2,0,2,2,2,2,2,2
01/31/2021 13:58:33,0,2,2,0,2,2,2,2,2,2
01/31/2021 14:00:18,0,2,2,0,2,2,2,2,2,2
01/31/2021 14:02:02,0,2,2,0,2,2,2,2,2,2
01/31/2021 14:03:46,0,2,2,0,2,2,2,2,2,2
01/31/2021 14:05:31,0,2,2,0,2,2,2,2,2,2
01/31/2021 14:07:16,0,2,2,0,2,2,2,2,2,2
01/31/2021 14:09:00,0,2,2,0,2,2,2,2,2,2
01/31/2021 14:10:44,0,2,2,0,2,2,2,2,2,2
01/31/2021 14:12:27,0,2,2,0,2,2,2,2,2,2
01/31/2021 14:14:11,0,2,2,0,2,2,2,2,2,2
01/31/2021 14:15:55,0,2,2,0,2,2,2,2,2,2
01/31/2021 14:17:40,0,2,2,0,2,2,2,2,2,2
01/31/2021 14:19:24,0,2,2,0,2,2,2,2,2,2
01/31/2021 14:21:09,0,2,2,0,2,2,2,2,2,2
01/31/2021 14:22:52,0,2,2,0,2,2,2,2,2,2
01/31/2021 14:24:36,0,2,2,0,2,2,2,2,2,2
01/31/2021 14:26:20,0,2,2,0,2,2,2,2,2,2
01/31/2021 14:28:04,0,2,2,0,2,2,2,2,2,2
01/31/2021 14:29:48,0,2,2,0,2,2,2,2,2,2
01/31/2021 14:31:32,0,2,2,0,2,2,2,2,2,2
01/31/2021 14:33:17,0,2,2,0,2,2,2,2,2,2
01/31/2021 14:35:02,0,2,2,0,2,2,2,2,2,2
01/31/2021 14:36:46,0,2,2,0,2,2,2,2,2,2
01/31/2021 14:38:30,0,2,2,0,2,2,2,2,2,2
01/31/2021 14:40:14,0,2,2,0,2,2,2,2,2,2
01/31/2021 14:41:58,0,2,2,0,2,2,2,2,2,2
01/31/2021 14:43:42,0,2,2,0,2,2,2,2,2,2
01/31/2021 14:45:26,0,2,2,0,2,2,2,2,2,2
01/31/2021 14:47:09,0,2,2,0,2,2,2,2,2,2
01/31/2021 14:48:53,0,2,2,0,2,2,2,2,2,2
01/31/2021 14:50:38,0,2,2,0,2,2,2,2,2,2
01/31/2021 14:52:21,0,2,2,0,2,2,2,2,2,2
01/31/2021 14:54:05,0,2,2,0,2,2,2,2,2,2
01/31/2021 14:55:49,0,2,2,0,2,2,2,2,2,2
01/31/2021 14:57:33,0,2,2,0,2,2,2,2,2,2
01/31/2021 14:59:17,0,2,2,0,2,2,2,2,2,2
01/31/2021 15:01:01,0,2,2,0,2,2,2,2,2,2
01/31/2021 15:02:46,0,2,2,0,2,2,2,2,2,2
01/31/2021 15:04:30,0,2,2,0,2,2,2,2,2,2
01/31/2021 15:06:14,0,2,2,0,2,2,2,2,2,2
01/31/2021 15:07:58,0,2,2,0,2,2,2,2,2,2
01/31/2021 15:09:42,0,2,2,0,2,2,2,2,2,2
01/31/2021 15:11:27,0,2,2,0,2,2,2,2,2,2
01/31/2021 15:13:11,0,2,2,0,2,2,2,2,2,2
01/31/2021 15:14:55,0,2,2,0,2,2,2,2,2,2
01/31/2021 15:16:39,0,2,2,0,2,2,2,2,2,2
01/31/2021 15:18:23,0,2,2,0,2,2,2,2,2,2
01/31/2021 15:20:07,0,2,2,0,2,2,2,2,2,2
01/31/2021 15:21:51,0,2,2,0,2,2,2,2,2,2
01/31/2021 15:23:36,0,2,2,0,2,2,2,2,2,2
01/31/2021 15:25:20,0,2,2,0,2,2,2,2,2,2
01/31/2021 15:27:04,0,2,2,0,2,2,2,2,2,2
01/31/2021 15:28:48,0,2,2,0,2,2,2,2,2,2
01/31/2021 15:30:32,0,2,2,0,2,2,2,2,2,2
01/31/2021 15:32:17,0,2,2,0,2,2,2,2,2,2
01/31/2021 15:34:01,0,2,2,0,2,2,2,2,2,2
01/31/2021 15:35:44,0,2,2,0,2,2,2,2,2,2
01/31/2021 15:37:29,0,2,2,0,2,2,2,2,2,2
01/31/2021 15:39:12,0,2,2,0,2,2,2,2,2,2
01/31/2021 15:40:56,0,2,2,0,2,2,2,2,2,2
01/31/2021 15:42:40,0,2,2,0,2,2,2,2,2,2
01/31/2021 15:44:24,0,2,2,0,2,2,2,2,2,2
01/31/2021 15:46:08,0,2,2,0,2,2,2,2,2,2
01/31/2021 15:47:52,0,2,2,0,2,2,2,2,2,2
01/31/2021 15:49:36,0,2,2,0,2,2,2,2,2,2
01/31/2021 15:51:20,0,2,2,0,2,2,2,2,2,2
01/31/2021 15:53:05,0,2,2,0,2,2,2,2,2,2
01/31/2021 15:54:48,0,2,2,0,2,2,2,2,2,2
01/31/2021 15:56:32,0,2,2,0,2,2,2,2,2,2
01/31/2021 15:58:17,0,2,2,0,2,2,2,2,2,2
01/31/2021 16:00:01,0,2,2,0,2,2,2,2,2,2
01/31/2021 16:01:45,0,2,2,0,2,2,2,2,2,2
01/31/2021 16:03:29,0,2,2,0,2,2,2,2,2,2
01/31/2021 16:05:13,0,2,2,0,2,2,2,2,2,2
01/31/2021 16:06:57,0,2,2,0,2,2,2,2,2,2
01/31/2021 16:08:41,0,2,2,0,2,2,2,2,2,2
01/31/2021 16:10:25,0,2,2,0,2,2,2,2,2,2
01/31/2021 16:12:09,0,2,2,0,2,2,2,2,2,2
01/31/2021 16:13:53,0,2,2,0,2,2,2,2,2,2
01/31/2021 16:15:37,0,2,2,0,2,2,2,2,2,2
01/31/2021 16:17:21,0,2,2,0,2,2,2,2,2,2
01/31/2021 16:19:04,0,2,2,0,2,2,2,2,2,2
01/31/2021 16:20:48,0,2,2,0,2,2,2,2,2,2
01/31/2021 16:22:32,0,2,2,0,2,2,2,2,2,2
01/31/2021 16:24:16,0,2,2,0,2,2,2,2,2,2
01/31/2021 16:26:01,0,2,2,0,2,2,2,2,2,2
01/31/2021 16:27:45,0,2,2,0,2,2,2,2,2,2
01/31/2021 16:29:29,0,2,2,0,2,2,2,2,2,2
01/31/2021 16:31:13,0,2,2,0,2,2,2,2,2,2
01/31/2021 16:32:58,0,2,2,0,2,2,2,2,2,2
01/31/2021 16:34:42,0,2,2,0,2,2,2,2,2,2
01/31/2021 16:36:26,0,2,2,0,2,2,2,2,2,2
01/31/2021 16:38:11,0,2,2,0,2,2,2,2,2,2
01/31/2021 16:39:55,0,2,2,0,2,2,2,2,2,2
01/31/2021 16:41:39,0,2,2,0,2,2,2,2,2,2
01/31/2021 16:43:22,0,2,2,0,2,2,2,2,2,2
01/31/2021 16:45:07,0,2,2,0,2,2,2,2,2,2
01/31/2021 16:46:50,0,2,2,0,2,2,2,2,2,2
01/31/2021 16:48:34,0,2,2,0,2,2,2,2,2,2
01/31/2021 16:50:18,0,2,2,0,2,2,2,2,2,2
01/31/2021 16:52:01,0,2,2,0,2,2,2,2,2,2
01/31/2021 16:53:45,0,2,2,0,2,2,2,2,2,2
01/31/2021 16:55:28,0,2,2,0,2,2,2,2,2,2
01/31/2021 16:57:12,0,2,2,0,2,2,2,2,2,2
01/31/2021 16:58:56,0,2,2,0,2,2,2,2,2,2
01/31/2021 17:00:40,0,2,2,0,2,2,2,2,2,2
01/31/2021 17:02:24,0,2,2,0,2,2,2,2,2,2
01/31/2021 17:04:08,0,2,2,0,2,2,2,2,2,2
01/31/2021 17:05:52,0,2,2,0,2,2,2,2,2,2
01/31/2021 17:07:36,0,2,2,0,2,2,2,2,2,2
01/31/2021 17:09:20,0,2,2,0,2,2,2,2,2,2
01/31/2021 17:11:04,0,2,2,0,2,2,2,2,2,2
01/31/2021 17:12:48,0,2,2,0,2,2,2,2,2,2
01/31/2021 17:14:31,0,2,2,0,2,2,2,2,2,2
01/31/2021 17:16:16,0,2,2,0,2,2,2,2,2,2
01/31/2021 17:18:01,0,2,2,0,2,2,2,2,2,2
01/31/2021 17:19:44,0,2,2,0,2,2,2,2,2,2
01/31/2021 17:21:28,0,2,2,0,2,2,2,2,2,2
01/31/2021 17:23:13,0,2,2,0,2,2,2,2,2,2
01/31/2021 17:24:57,0,2,2,0,2,2,2,2,2,2
01/31/2021 17:26:41,0,2,2,0,2,2,2,2,2,2
01/31/2021 17:28:24,0,2,2,0,2,2,2,2,2,2
01/31/2021 17:30:08,0,2,2,0,2,2,2,2,2,2
01/31/2021 17:31:52,0,2,2,0,2,2,2,2,2,2
01/31/2021 17:33:36,0,2,2,0,2,2,2,2,2,2
01/31/2021 17:35:21,0,2,2,0,2,2,2,2,2,2
01/31/2021 17:37:04,0,2,2,0,2,2,2,2,2,2
01/31/2021 17:38:48,0,2,2,0,2,2,2,2,2,2
01/31/2021 17:40:32,0,2,2,0,2,2,2,2,2,2
01/31/2021 17:42:17,0,2,2,0,2,2,2,2,2,2
01/31/2021 17:44:01,0,2,2,0,2,2,2,2,2,2
01/31/2021 17:45:45,0,2,2,0,2,2,2,2,2,2
01/31/2021 17:47:29,0,2,2,0,2,2,2,2,2,2
01/31/2021 17:49:12,0,2,2,0,2,2,2,2,2,2
01/31/2021 17:50:56,0,2,2,0,2,2,2,2,2,2
01/31/2021 17:52:40,0,2,2,0,2,2,2,2,2,2
01/31/2021 17:54:24,0,2,2,0,2,2,2,2,2,2
01/31/2021 17:56:08,0,2,2,0,2,2,2,2,2,2
01/31/2021 17:57:51,0,2,2,0,2,2,2,2,2,2
01/31/2021 17:59:35,0,2,2,0,2,2,2,2,2,2
01/31/2021 18:01:19,0,2,2,0,2,2,2,2,2,2
01/31/2021 18:03:02,0,2,2,0,2,2,2,2,2,2
01/31/2021 18:04:46,0,2,2,0,2,2,2,2,2,2
01/31/2021 18:06:30,0,2,2,0,2,2,2,2,2,2
01/31/2021 18:08:13,0,2,2,0,2,2,2,2,2,2
01/31/2021 18:09:58,0,2,2,0,2,2,2,2,2,2
01/31/2021 18:11:42,0,2,2,0,2,2,2,2,2,2
01/31/2021 18:13:26,0,2,2,0,2,2,2,2,2,2
01/31/2021 18:15:10,0,2,2,0,2,2,2,2,2,2
01/31/2021 18:16:53,0,2,2,0,2,2,2,2,2,2
01/31/2021 18:18:37,0,2,2,0,2,2,2,2,2,2
01/31/2021 18:20:22,0,2,2,0,2,2,2,2,2,2
01/31/2021 18:22:06,0,2,2,0,2,2,2,2,2,2
01/31/2021 18:23:50,0,2,2,0,2,2,2,2,2,2
01/31/2021 18:25:34,0,2,2,0,2,2,2,2,2,2
01/31/2021 18:27:17,0,2,2,0,2,2,2,2,2,2
01/31/2021 18:29:02,0,2,2,0,2,2,2,2,2,2
01/31/2021 18:30:46,0,2,2,0,2,2,2,2,2,2
01/31/2021 18:32:30,0,2,2,0,2,2,2,2,2,2
01/31/2021 18:34:14,0,2,2,0,2,2,2,2,2,2
01/31/2021 18:35:58,0,2,2,0,2,2,2,2,2,2
01/31/2021 18:37:43,0,2,2,0,2,2,2,2,2,2
01/31/2021 18:39:27,0,2,2,0,2,2,2,2,0,2
01/31/2021 18:41:11,0,2,2,0,2,2,2,2,0,2
01/31/2021 18:42:55,0,2,2,0,2,2,2,2,0,2
01/31/2021 18:44:38,0,2,2,0,2,2,2,2,0,2
01/31/2021 18:46:23,0,2,2,0,2,2,2,2,0,2
01/31/2021 18:48:07,0,2,2,0,2,2,2,2,0,2
01/31/2021 18:49:52,0,2,2,0,2,2,2,2,0,2
01/31/2021 18:51:36,0,2,2,0,2,2,2,2,0,2
01/31/2021 18:53:20,0,2,2,0,2,2,2,2,0,2
01/31/2021 18:55:04,0,2,2,0,2,2,2,2,0,2
01/31/2021 18:56:48,0,2,2,0,2,2,2,2,0,2
01/31/2021 18:58:32,0,2,2,0,2,2,2,2,0,2
01/31/2021 19:00:16,0,2,2,0,2,2,2,2,0,2
01/31/2021 19:02:00,0,2,2,0,2,2,2,2,0,2
01/31/2021 19:03:44,0,2,2,0,2,2,2,2,0,2
01/31/2021 19:05:28,0,2,2,0,2,2,2,2,0,2
01/31/2021 19:07:12,0,2,2,0,2,2,2,2,0,2
01/31/2021 19:08:56,0,2,2,0,2,2,2,2,0,2
01/31/2021 19:10:40,0,2,2,0,2,2,2,2,0,2
01/31/2021 19:12:24,0,2,2,0,2,2,2,2,0,2
01/31/2021 19:14:08,0,2,2,0,2,2,2,2,0,2
01/31/2021 19:15:52,0,2,2,0,2,2,2,2,0,2
01/31/2021 19:17:37,0,2,2,0,2,2,2,2,0,2
01/31/2021 19:19:21,0,2,2,0,2,2,2,2,0,2
01/31/2021 19:21:05,0,2,2,0,2,2,2,2,0,2
01/31/2021 19:22:49,0,2,2,0,2,2,2,2,0,2
01/31/2021 19:24:33,0,2,2,0,2,2,2,2,0,2
01/31/2021 19:26:16,0,2,2,0,2,2,2,2,0,2
01/31/2021 19:28:01,0,2,2,0,2,2,2,2,0,2
01/31/2021 19:29:45,0,2,2,0,2,2,2,2,0,2
01/31/2021 19:31:30,0,2,2,0,2,2,2,2,0,2
01/31/2021 19:33:14,0,2,2,0,2,2,2,2,0,2
01/31/2021 19:34:58,0,2,2,0,2,2,2,2,0,2
01/31/2021 19:36:42,0,2,2,0,2,2,2,2,0,2
01/31/2021 19:38:26,0,2,2,0,2,2,2,2,0,2
01/31/2021 19:40:10,0,2,2,0,2,2,2,2,0,2
01/31/2021 19:41:54,0,2,2,0,2,2,2,2,0,2
01/31/2021 19:43:39,0,2,2,0,2,2,2,2,0,2
01/31/2021 19:45:23,0,2,2,0,2,2,2,2,2,2
01/31/2021 19:47:07,0,2,2,0,2,2,2,2,2,2
01/31/2021 19:48:51,0,2,2,0,2,2,2,2,2,2
01/31/2021 19:50:35,0,2,2,0,2,2,2,2,2,2
01/31/2021 19:52:20,0,2,2,0,2,2,2,2,2,2
01/31/2021 19:54:04,0,2,2,0,2,2,2,2,2,2
01/31/2021 19:55:47,0,2,2,0,2,2,2,2,2,2
01/31/2021 19:57:32,0,2,2,0,2,2,2,2,2,2
01/31/2021 19:59:16,0,2,2,0,2,2,2,2,2,2
01/31/2021 20:00:59,0,2,2,0,2,2,2,2,2,2
01/31/2021 20:02:43,0,2,2,0,2,2,2,2,2,2
01/31/2021 20:04:27,0,2,2,0,2,2,2,2,2,2
01/31/2021 20:06:11,0,2,2,0,2,2,2,2,2,2
01/31/2021 20:07:55,0,2,2,0,2,2,2,2,2,2
01/31/2021 20:09:39,0,2,2,0,2,2,2,2,2,2
01/31/2021 20:11:23,0,2,2,0,2,2,2,2,2,2
01/31/2021 20:13:08,0,2,2,0,2,2,2,2,2,2
01/31/2021 20:14:51,0,2,2,0,2,2,2,2,2,2
01/31/2021 20:16:36,0,2,2,0,2,2,2,2,2,2
01/31/2021 20:18:21,0,2,2,0,2,2,2,2,2,2
01/31/2021 20:20:05,0,2,2,0,2,2,2,2,2,2
01/31/2021 20:21:49,0,2,2,0,2,2,2,2,2,2
01/31/2021 20:23:33,0,2,2,0,2,2,2,2,2,2
01/31/2021 20:25:17,0,2,2,0,2,2,2,2,2,2
01/31/2021 20:27:01,0,2,2,0,2,2,2,2,2,2
01/31/2021 20:28:45,0,2,2,0,2,2,2,2,2,2
01/31/2021 20:30:30,0,2,2,0,2,2,2,2,2,2
01/31/2021 20:32:14,0,2,2,0,2,2,2,2,2,2
01/31/2021 20:33:58,0,2,2,0,2,2,2,2,2,2
01/31/2021 20:35:41,0,2,2,0,2,2,2,2,2,2
01/31/2021 20:37:25,0,2,2,0,2,2,2,2,2,2
01/31/2021 20:39:10,0,2,2,0,2,2,2,2,2,2
01/31/2021 20:40:53,0,2,2,0,2,2,2,2,2,2
01/31/2021 20:42:37,0,2,2,0,2,2,2,2,2,2
01/31/2021 20:44:21,0,2,2,0,2,2,2,2,2,2
01/31/2021 20:46:06,0,2,2,0,2,2,2,2,2,2
01/31/2021 20:47:50,0,2,2,0,2,2,2,2,2,2
01/31/2021 20:49:34,0,2,2,0,2,2,2,2,2,2
01/31/2021 20:51:18,0,2,2,0,2,2,2,2,2,2
01/31/2021 20:53:02,0,2,2,0,2,2,2,2,2,2
01/31/2021 20:54:46,0,2,2,0,2,2,2,2,2,2
01/31/2021 20:56:30,0,2,2,0,2,2,2,2,2,2
01/31/2021 20:58:14,0,2,2,0,2,2,2,2,2,2
01/31/2021 20:59:58,0,2,2,0,2,2,2,2,2,2
01/31/2021 21:01:41,0,2,2,0,2,2,2,2,2,2
01/31/2021 21:03:25,0,2,2,0,2,2,2,2,2,2
01/31/2021 21:05:09,0,2,2,0,2,2,2,2,2,2
01/31/2021 21:06:53,0,2,2,0,2,2,2,2,2,2
01/31/2021 21:08:36,0,2,2,0,2,2,2,2,2,2
01/31/2021 21:10:20,0,2,2,0,2,2,2,2,2,2
01/31/2021 21:12:03,0,2,2,0,2,2,2,2,2,2
01/31/2021 21:13:47,0,2,2,0,2,2,2,2,2,2
01/31/2021 21:15:30,0,2,2,0,2,2,2,2,2,2
01/31/2021 21:17:14,0,2,2,0,2,2,2,2,2,2
01/31/2021 21:18:59,0,2,2,0,2,2,2,2,2,2
01/31/2021 21:20:43,0,2,2,0,2,2,2,2,2,2
01/31/2021 21:22:27,0,2,2,0,2,2,2,2,2,2
01/31/2021 21:24:11,0,2,2,0,2,2,2,2,2,2
01/31/2021 21:25:55,0,2,2,0,2,2,2,2,2,2
01/31/2021 21:27:39,0,2,2,0,2,2,2,2,2,2
01/31/2021 21:29:22,0,2,2,0,2,2,2,2,2,2
01/31/2021 21:31:06,0,2,2,0,2,2,2,2,2,2
01/31/2021 21:32:50,0,2,2,0,2,2,2,2,2,2
01/31/2021 21:34:34,0,2,2,0,2,2,2,2,2,2
01/31/2021 21:36:17,0,2,2,0,2,2,2,2,2,2
01/31/2021 21:38:02,0,2,2,0,2,2,2,2,2,2
01/31/2021 21:39:46,0,2,2,0,2,2,2,2,2,2
01/31/2021 21:41:30,0,2,2,0,2,2,2,2,2,2
01/31/2021 21:43:14,0,2,2,0,2,2,2,2,2,2
01/31/2021 21:44:59,0,2,2,0,2,2,2,2,2,2
01/31/2021 21:46:43,0,2,2,0,2,2,2,2,2,2
01/31/2021 21:48:27,0,2,2,0,2,2,2,2,2,2
01/31/2021 21:50:11,0,2,2,0,2,2,2,2,2,2
01/31/2021 21:51:56,0,2,2,0,2,2,2,2,2,2
01/31/2021 21:53:40,0,2,2,0,2,2,2,2,2,2
01/31/2021 21:55:24,0,2,2,0,2,2,2,2,2,2
01/31/2021 21:57:08,0,2,2,0,2,2,2,2,2,2
01/31/2021 21:58:52,0,2,2,0,2,2,2,2,2,2
01/31/2021 22:00:35,0,2,2,0,2,2,2,2,2,2
01/31/2021 22:02:20,0,2,2,0,2,2,2,2,2,2
01/31/2021 22:04:04,0,2,2,0,2,2,2,2,2,2
01/31/2021 22:05:48,0,2,2,0,2,2,2,2,2,2
01/31/2021 22:07:32,0,2,2,0,2,2,2,2,2,2
01/31/2021 22:09:17,0,2,2,0,2,2,2,2,2,2
01/31/2021 22:11:00,0,2,2,0,2,2,2,2,2,2
01/31/2021 22:12:44,0,2,2,0,2,2,2,2,2,2
01/31/2021 22:14:28,0,2,2,0,2,2,2,2,2,2
01/31/2021 22:16:12,0,2,2,0,2,2,2,2,2,2
01/31/2021 22:17:56,0,2,2,0,2,2,2,2,2,2
01/31/2021 22:19:41,0,2,2,0,2,2,2,2,2,2
01/31/2021 22:21:24,0,2,2,0,2,2,2,2,2,2
01/31/2021 22:23:08,0,2,2,0,2,2,2,2,2,2
01/31/2021 22:24:52,0,2,2,0,2,2,2,2,2,2
01/31/2021 22:26:36,0,2,2,0,2,2,2,2,2,2
01/31/2021 22:28:20,0,2,2,0,2,2,2,2,2,2
01/31/2021 22:30:03,0,2,2,0,2,2,2,2,2,2
01/31/2021 22:31:47,0,2,2,0,2,2,2,2,2,2
01/31/2021 22:33:31,0,2,2,0,2,2,2,2,2,2
01/31/2021 22:35:14,0,2,2,0,2,2,2,2,2,2
01/31/2021 22:36:58,0,2,2,0,2,2,2,2,2,2
01/31/2021 22:38:42,0,2,2,0,2,2,2,2,2,2
01/31/2021 22:40:27,0,2,2,0,2,2,2,2,2,2
01/31/2021 22:42:12,0,2,2,0,2,2,2,2,2,2
01/31/2021 22:43:56,0,2,2,0,2,2,2,2,2,2
01/31/2021 22:45:40,0,2,2,0,2,2,2,2,2,2
01/31/2021 22:47:24,0,2,2,0,2,2,2,2,2,2
01/31/2021 22:49:08,0,2,2,0,2,2,2,2,2,2
01/31/2021 22:50:51,0,2,2,0,2,2,2,2,2,2
01/31/2021 22:52:35,0,2,2,0,2,2,2,2,2,2
01/31/2021 22:54:19,0,2,2,0,2,2,2,2,2,2
01/31/2021 22:56:03,0,2,2,0,2,2,2,2,2,2
01/31/2021 22:57:46,0,2,2,0,2,2,2,2,2,2
01/31/2021 22:59:29,0,2,2,0,2,2,2,2,2,2
01/31/2021 23:01:14,0,2,2,0,2,2,2,2,2,2
01/31/2021 23:02:58,0,2,2,0,2,2,2,2,2,2
01/31/2021 23:04:42,0,2,2,0,2,2,2,2,2,2
01/31/2021 23:06:26,0,2,2,0,2,2,2,2,2,2
01/31/2021 23:08:11,0,2,2,0,2,2,2,2,2,2
01/31/2021 23:09:54,0,2,2,0,2,2,2,2,2,2
01/31/2021 23:11:39,0,2,2,0,2,2,2,2,2,2
01/31/2021 23:13:22,0,2,2,0,2,2,2,2,2,2
01/31/2021 23:15:06,0,2,2,0,2,2,2,2,2,2
01/31/2021 23:16:50,0,2,2,0,2,2,2,2,2,2
01/31/2021 23:18:34,0,2,2,0,2,2,2,2,2,2
01/31/2021 23:20:19,0,2,2,0,2,2,2,2,2,2
01/31/2021 23:22:02,0,2,2,0,2,2,2,2,2,2
01/31/2021 23:23:46,0,2,2,0,2,2,2,2,2,2
01/31/2021 23:25:29,0,2,2,0,2,2,2,2,2,2
01/31/2021 23:27:13,0,2,2,0,2,2,2,2,2,2
01/31/2021 23:28:57,0,2,2,0,2,2,2,2,2,2
01/31/2021 23:30:41,0,2,2,0,2,2,2,2,2,2
01/31/2021 23:32:24,0,2,2,0,2,2,2,2,2,2
01/31/2021 23:34:09,0,2,2,0,2,2,2,2,2,2
01/31/2021 23:35:54,0,2,2,0,2,2,2,2,2,2
01/31/2021 23:37:38,0,2,2,0,2,2,2,2,2,2
01/31/2021 23:39:21,0,2,2,0,2,2,2,2,2,2
01/31/2021 23:41:05,0,2,2,0,2,2,2,2,2,2
01/31/2021 23:42:48,0,2,2,0,2,2,2,2,2,2
01/31/2021 23:44:32,0,2,2,0,2,2,2,2,2,2
01/31/2021 23:46:17,0,2,2,0,2,2,2,2,2,2
01/31/2021 23:48:01,0,2,2,0,2,2,2,2,2,2
01/31/2021 23:49:45,0,2,2,0,2,2,2,2,2,2
01/31/2021 23:51:29,0,2,2,0,2,2,2,2,2,2
01/31/2021 23:53:12,0,2,2,0,2,2,2,2,2,2
01/31/2021 23:54:57,0,2,2,0,2,2,2,2,2,2
